ip.flags.df,ip.flags.mf,ip.fragment,ip.fragment.count,ip.fragments,ip.ttl,ip.proto,tcp.window_size,tcp.ack,tcp.seq,tcp.len,tcp.stream,tcp.urgent_pointer,tcp.flags,tcp.analysis.ack_rtt,tcp.segments,tcp.reassembled.length,http.request,udp.port,frame.time_relative,frame.time_delta,tcp.time_relative,tcp.time_delta,tcp.port,label
1.0,0.0,0.0,0.0,0.0,64.0,17.0,0.0,0.0,0.0,0.0,0.0,0.0,0.0,0.0,0.0,0.0,0.0,42116.0,0.0,0.0,0.0,0.0,0.0,samba-enum
1.0,0.0,0.0,0.0,0.0,64.0,17.0,0.0,0.0,0.0,0.0,0.0,0.0,0.0,0.0,0.0,0.0,0.0,42116.0,1.001099,1.001099,0.0,0.0,0.0,samba-enum
1.0,0.0,0.0,0.0,0.0,64.0,17.0,0.0,0.0,0.0,0.0,0.0,0.0,0.0,0.0,0.0,0.0,0.0,42116.0,2.002216,1.001117,0.0,0.0,0.0,samba-enum
1.0,0.0,0.0,0.0,0.0,64.0,17.0,0.0,0.0,0.0,0.0,0.0,0.0,0.0,0.0,0.0,0.0,0.0,42116.0,3.003339,1.001123,0.0,0.0,0.0,samba-enum
1.0,0.0,0.0,0.0,0.0,64.0,17.0,0.0,0.0,0.0,0.0,0.0,0.0,0.0,0.0,0.0,0.0,0.0,42116.0,4.004455,1.001116,0.0,0.0,0.0,samba-enum
1.0,0.0,0.0,0.0,0.0,64.0,17.0,0.0,0.0,0.0,0.0,0.0,0.0,0.0,0.0,0.0,0.0,0.0,42116.0,5.005572,1.001117,0.0,0.0,0.0,samba-enum
1.0,0.0,0.0,0.0,0.0,127.0,6.0,65535.0,1.0,0.0,0.0,0.0,0.0,18.0,0.078043,0.0,0.0,0.0,0.0,20.158303,0.072922,0.078043,0.078043,445.0,samba-enum
1.0,0.0,0.0,0.0,0.0,127.0,6.0,8192.0,1.0,0.0,0.0,1.0,0.0,18.0,0.077689,0.0,0.0,0.0,0.0,20.16307,0.00461,0.077689,0.077689,139.0,samba-enum
1.0,0.0,0.0,0.0,0.0,127.0,6.0,262656.0,89.0,1.0,252.0,0.0,0.0,24.0,0.101798,0.0,0.0,0.0,0.0,20.260258,0.097171,0.179998,0.101798,445.0,samba-enum
1.0,0.0,0.0,0.0,0.0,127.0,6.0,262400.0,325.0,253.0,312.0,0.0,0.0,24.0,0.078372,0.0,0.0,0.0,0.0,20.338825,0.078372,0.258565,0.078372,445.0,samba-enum
1.0,0.0,0.0,0.0,0.0,64.0,6.0,64128.0,565.0,325.0,166.0,0.0,0.0,24.0,0.00352,0.0,0.0,0.0,0.0,20.342345,0.00352,0.262085,0.00352,43186.0,samba-enum
1.0,0.0,0.0,0.0,0.0,127.0,6.0,262144.0,491.0,565.0,351.0,0.0,0.0,24.0,0.078523,0.0,0.0,0.0,0.0,20.420868,0.078523,0.340608,0.078523,445.0,samba-enum
1.0,0.0,0.0,0.0,0.0,64.0,6.0,64128.0,916.0,491.0,236.0,0.0,0.0,24.0,0.000284,0.0,0.0,0.0,0.0,20.421152,0.000284,0.340892,0.000284,43186.0,samba-enum
1.0,0.0,0.0,0.0,0.0,127.0,6.0,261888.0,727.0,916.0,85.0,0.0,0.0,24.0,0.078919,0.0,0.0,0.0,0.0,20.500071,0.078919,0.419811,0.078919,445.0,samba-enum
1.0,0.0,0.0,0.0,0.0,64.0,6.0,64128.0,1001.0,727.0,114.0,0.0,0.0,24.0,0.000254,0.0,0.0,0.0,0.0,20.500325,0.000254,0.420065,0.000254,43186.0,samba-enum
1.0,0.0,0.0,0.0,0.0,127.0,6.0,261888.0,841.0,1001.0,0.0,0.0,0.0,16.0,0.180701,0.0,0.0,0.0,0.0,20.681026,0.180701,0.600766,0.180701,445.0,samba-enum
1.0,0.0,0.0,0.0,0.0,127.0,6.0,261888.0,841.0,1001.0,84.0,0.0,0.0,24.0,0.0,0.0,0.0,0.0,0.0,20.713068,0.032042,0.632808,0.032042,445.0,samba-enum
1.0,0.0,0.0,0.0,0.0,127.0,6.0,261632.0,913.0,1085.0,72.0,0.0,0.0,24.0,0.078895,0.0,0.0,0.0,0.0,20.792196,0.078895,0.711936,0.078895,445.0,samba-enum
1.0,0.0,0.0,0.0,0.0,127.0,6.0,261632.0,914.0,1157.0,0.0,0.0,0.0,16.0,0.078249,0.0,0.0,0.0,0.0,20.870597,0.044035,0.790337,0.078249,445.0,samba-enum
1.0,0.0,0.0,0.0,0.0,127.0,6.0,0.0,914.0,1157.0,0.0,0.0,0.0,20.0,0.0,0.0,0.0,0.0,0.0,20.871106,0.000509,0.790846,0.000509,445.0,samba-enum
1.0,0.0,0.0,0.0,0.0,127.0,6.0,65535.0,1.0,0.0,0.0,2.0,0.0,18.0,0.079983,0.0,0.0,0.0,0.0,20.901394,0.030288,0.079983,0.079983,445.0,samba-enum
1.0,0.0,0.0,0.0,0.0,127.0,6.0,8192.0,1.0,0.0,0.0,3.0,0.0,18.0,0.077858,0.0,0.0,0.0,0.0,20.90442,0.00281,0.077858,0.077858,139.0,samba-enum
1.0,0.0,0.0,0.0,0.0,127.0,6.0,262656.0,89.0,1.0,252.0,2.0,0.0,24.0,0.078937,0.0,0.0,0.0,0.0,20.980547,0.076119,0.159136,0.078937,445.0,samba-enum
1.0,0.0,0.0,0.0,0.0,127.0,6.0,262400.0,325.0,253.0,312.0,2.0,0.0,24.0,0.078748,0.0,0.0,0.0,0.0,21.059465,0.078748,0.238054,0.078748,445.0,samba-enum
1.0,0.0,0.0,0.0,0.0,127.0,6.0,262144.0,491.0,565.0,351.0,2.0,0.0,24.0,0.078673,0.0,0.0,0.0,0.0,21.141271,0.078673,0.31986,0.078673,445.0,samba-enum
1.0,0.0,0.0,0.0,0.0,127.0,6.0,261888.0,727.0,916.0,85.0,2.0,0.0,24.0,0.087519,0.0,0.0,0.0,0.0,21.228949,0.087519,0.407538,0.087519,445.0,samba-enum
1.0,0.0,0.0,0.0,0.0,127.0,6.0,261888.0,841.0,1001.0,84.0,2.0,0.0,24.0,0.078588,0.0,0.0,0.0,0.0,21.307745,0.078588,0.486334,0.078588,445.0,samba-enum
1.0,0.0,0.0,0.0,0.0,127.0,6.0,261632.0,977.0,1085.0,156.0,2.0,0.0,24.0,0.082211,0.0,0.0,0.0,0.0,21.390198,0.082211,0.568787,0.082211,445.0,samba-enum
1.0,0.0,0.0,0.0,0.0,127.0,6.0,261376.0,1173.0,1241.0,184.0,2.0,0.0,24.0,0.078262,0.0,0.0,0.0,0.0,21.468833,0.078262,0.647422,0.078262,445.0,samba-enum
1.0,0.0,0.0,0.0,0.0,127.0,6.0,262656.0,1365.0,1425.0,164.0,2.0,0.0,24.0,0.08157,0.0,0.0,0.0,0.0,21.550807,0.08157,0.729396,0.08157,445.0,samba-enum
1.0,0.0,0.0,0.0,0.0,127.0,6.0,262400.0,1535.0,1589.0,216.0,2.0,0.0,24.0,0.078049,0.0,0.0,0.0,0.0,21.629113,0.078049,0.807702,0.078049,445.0,samba-enum
1.0,0.0,0.0,0.0,0.0,127.0,6.0,262400.0,1703.0,1805.0,164.0,2.0,0.0,24.0,0.081761,0.0,0.0,0.0,0.0,21.711194,0.081761,0.889783,0.081761,445.0,samba-enum
1.0,0.0,0.0,0.0,0.0,127.0,6.0,262144.0,1795.0,1969.0,128.0,2.0,0.0,24.0,0.078468,0.0,0.0,0.0,0.0,21.789916,0.078468,0.968505,0.078468,445.0,samba-enum
1.0,0.0,0.0,0.0,0.0,127.0,6.0,262144.0,1867.0,2097.0,72.0,2.0,0.0,24.0,0.081466,0.0,0.0,0.0,0.0,21.871558,0.081466,1.050147,0.081466,445.0,samba-enum
1.0,0.0,0.0,0.0,0.0,64.0,6.0,64240.0,0.0,0.0,0.0,4.0,0.0,2.0,0.0,0.0,0.0,0.0,0.0,21.901796,0.030112,0.0,0.0,43198.0,samba-enum
1.0,0.0,0.0,0.0,0.0,127.0,6.0,262144.0,1868.0,2169.0,0.0,2.0,0.0,16.0,0.077604,0.0,0.0,0.0,0.0,21.949288,0.042304,1.127877,0.077604,445.0,samba-enum
1.0,0.0,0.0,0.0,0.0,127.0,6.0,65535.0,1.0,0.0,0.0,4.0,0.0,18.0,0.078649,0.0,0.0,0.0,0.0,21.980445,0.031157,0.078649,0.078649,445.0,samba-enum
1.0,0.0,0.0,0.0,0.0,64.0,6.0,64256.0,1.0,1.0,0.0,4.0,0.0,16.0,3.8e-05,0.0,0.0,0.0,0.0,21.980483,3.8e-05,0.078687,3.8e-05,43198.0,samba-enum
1.0,0.0,0.0,0.0,0.0,64.0,6.0,64256.0,1.0,1.0,88.0,4.0,0.0,24.0,0.0,0.0,0.0,0.0,0.0,21.980732,0.000249,0.078936,0.000249,43198.0,samba-enum
1.0,0.0,0.0,0.0,0.0,127.0,6.0,8192.0,1.0,0.0,0.0,5.0,0.0,18.0,0.077781,0.0,0.0,0.0,0.0,21.984765,0.004033,0.077781,0.077781,139.0,samba-enum
1.0,0.0,0.0,0.0,0.0,127.0,6.0,0.0,1868.0,2169.0,0.0,2.0,0.0,20.0,0.0,0.0,0.0,0.0,0.0,22.009388,0.024597,1.187977,0.0601,445.0,samba-enum
1.0,0.0,0.0,0.0,0.0,127.0,6.0,262656.0,89.0,1.0,252.0,4.0,0.0,24.0,0.078504,0.0,0.0,0.0,0.0,22.059236,0.049848,0.15744,0.078504,445.0,samba-enum
1.0,0.0,0.0,0.0,0.0,64.0,6.0,64128.0,253.0,89.0,0.0,4.0,0.0,16.0,2.9e-05,0.0,0.0,0.0,0.0,22.059265,2.9e-05,0.157469,2.9e-05,43198.0,samba-enum
1.0,0.0,0.0,0.0,0.0,64.0,6.0,64128.0,253.0,89.0,236.0,4.0,0.0,24.0,0.0,0.0,0.0,0.0,0.0,22.059415,0.00015,0.157619,0.00015,43198.0,samba-enum
1.0,0.0,0.0,0.0,0.0,127.0,6.0,262400.0,325.0,253.0,312.0,4.0,0.0,24.0,0.104544,0.0,0.0,0.0,0.0,22.163959,0.104544,0.262163,0.104544,445.0,samba-enum
1.0,0.0,0.0,0.0,0.0,64.0,6.0,64128.0,565.0,325.0,166.0,4.0,0.0,24.0,0.002529,0.0,0.0,0.0,0.0,22.166488,0.002529,0.264692,0.002529,43198.0,samba-enum
1.0,0.0,0.0,0.0,0.0,127.0,6.0,262144.0,491.0,565.0,351.0,4.0,0.0,24.0,0.078175,0.0,0.0,0.0,0.0,22.244663,0.078175,0.342867,0.078175,445.0,samba-enum
1.0,0.0,0.0,0.0,0.0,64.0,6.0,64128.0,916.0,491.0,236.0,4.0,0.0,24.0,0.000287,0.0,0.0,0.0,0.0,22.24495,0.000287,0.343154,0.000287,43198.0,samba-enum
1.0,0.0,0.0,0.0,0.0,127.0,6.0,261888.0,727.0,916.0,85.0,4.0,0.0,24.0,0.080418,0.0,0.0,0.0,0.0,22.325368,0.080418,0.423572,0.080418,445.0,samba-enum
1.0,0.0,0.0,0.0,0.0,64.0,6.0,64128.0,1001.0,727.0,114.0,4.0,0.0,24.0,0.000256,0.0,0.0,0.0,0.0,22.325624,0.000256,0.423828,0.000256,43198.0,samba-enum
1.0,0.0,0.0,0.0,0.0,127.0,6.0,261888.0,841.0,1001.0,84.0,4.0,0.0,24.0,0.077913,0.0,0.0,0.0,0.0,22.403537,0.077913,0.501741,0.077913,445.0,samba-enum
1.0,0.0,0.0,0.0,0.0,64.0,6.0,64128.0,1085.0,841.0,72.0,4.0,0.0,24.0,0.000308,0.0,0.0,0.0,0.0,22.403845,0.000308,0.502049,0.000308,43198.0,samba-enum
1.0,0.0,0.0,0.0,0.0,127.0,6.0,261632.0,913.0,1085.0,72.0,4.0,0.0,24.0,0.078512,0.0,0.0,0.0,0.0,22.482357,0.078512,0.580561,0.078512,445.0,samba-enum
1.0,0.0,0.0,0.0,0.0,64.0,6.0,64128.0,1157.0,913.0,0.0,4.0,0.0,17.0,0.000213,0.0,0.0,0.0,0.0,22.48257,0.000213,0.580774,0.000213,43198.0,samba-enum
1.0,0.0,0.0,0.0,0.0,64.0,6.0,64240.0,0.0,0.0,0.0,6.0,0.0,2.0,0.0,0.0,0.0,0.0,0.0,22.511556,0.028986,0.0,0.0,43212.0,samba-enum
1.0,0.0,0.0,0.0,0.0,64.0,6.0,64240.0,0.0,0.0,0.0,7.0,0.0,2.0,0.0,0.0,0.0,0.0,0.0,22.516735,0.005179,0.0,0.0,45196.0,samba-enum
1.0,0.0,0.0,0.0,0.0,127.0,6.0,261632.0,914.0,1157.0,0.0,4.0,0.0,16.0,0.07768,0.0,0.0,0.0,0.0,22.56025,0.043515,0.658454,0.07768,445.0,samba-enum
1.0,0.0,0.0,0.0,0.0,127.0,6.0,0.0,914.0,1157.0,0.0,4.0,0.0,20.0,0.0,0.0,0.0,0.0,0.0,22.561138,0.000888,0.659342,0.000888,445.0,samba-enum
1.0,0.0,0.0,0.0,0.0,127.0,6.0,65535.0,1.0,0.0,0.0,6.0,0.0,18.0,0.078765,0.0,0.0,0.0,0.0,22.590321,0.029183,0.078765,0.078765,445.0,samba-enum
1.0,0.0,0.0,0.0,0.0,64.0,6.0,64256.0,1.0,1.0,0.0,6.0,0.0,16.0,4.6e-05,0.0,0.0,0.0,0.0,22.590367,4.6e-05,0.078811,4.6e-05,43212.0,samba-enum
1.0,0.0,0.0,0.0,0.0,64.0,6.0,64256.0,1.0,1.0,88.0,6.0,0.0,24.0,0.0,0.0,0.0,0.0,0.0,22.590611,0.000244,0.079055,0.000244,43212.0,samba-enum
1.0,0.0,0.0,0.0,0.0,127.0,6.0,8192.0,1.0,0.0,0.0,7.0,0.0,18.0,0.078152,0.0,0.0,0.0,0.0,22.594887,0.004276,0.078152,0.078152,139.0,samba-enum
1.0,0.0,0.0,0.0,0.0,64.0,6.0,0.0,0.0,1.0,0.0,7.0,0.0,4.0,0.0,0.0,0.0,0.0,0.0,22.594901,1.4e-05,0.078166,1.4e-05,45196.0,samba-enum
1.0,0.0,0.0,0.0,0.0,127.0,6.0,262656.0,89.0,1.0,252.0,6.0,0.0,24.0,0.085716,0.0,0.0,0.0,0.0,22.676327,0.081426,0.164771,0.085716,445.0,samba-enum
1.0,0.0,0.0,0.0,0.0,64.0,6.0,64128.0,253.0,89.0,0.0,6.0,0.0,16.0,1.9e-05,0.0,0.0,0.0,0.0,22.676346,1.9e-05,0.16479,1.9e-05,43212.0,samba-enum
1.0,0.0,0.0,0.0,0.0,64.0,6.0,64128.0,253.0,89.0,236.0,6.0,0.0,24.0,0.0,0.0,0.0,0.0,0.0,22.676472,0.000126,0.164916,0.000126,43212.0,samba-enum
1.0,0.0,0.0,0.0,0.0,127.0,6.0,262400.0,325.0,253.0,312.0,6.0,0.0,24.0,0.078037,0.0,0.0,0.0,0.0,22.754509,0.078037,0.242953,0.078037,445.0,samba-enum
1.0,0.0,0.0,0.0,0.0,64.0,6.0,64128.0,565.0,325.0,166.0,6.0,0.0,24.0,0.003381,0.0,0.0,0.0,0.0,22.75789,0.003381,0.246334,0.003381,43212.0,samba-enum
1.0,0.0,0.0,0.0,0.0,127.0,6.0,262144.0,491.0,565.0,351.0,6.0,0.0,24.0,0.094117,0.0,0.0,0.0,0.0,22.852007,0.094117,0.340451,0.094117,445.0,samba-enum
1.0,0.0,0.0,0.0,0.0,64.0,6.0,64128.0,916.0,491.0,236.0,6.0,0.0,24.0,0.000281,0.0,0.0,0.0,0.0,22.852288,0.000281,0.340732,0.000281,43212.0,samba-enum
1.0,0.0,0.0,0.0,0.0,127.0,6.0,261888.0,727.0,916.0,85.0,6.0,0.0,24.0,0.091634,0.0,0.0,0.0,0.0,22.943922,0.091634,0.432366,0.091634,445.0,samba-enum
1.0,0.0,0.0,0.0,0.0,64.0,6.0,64128.0,1001.0,727.0,114.0,6.0,0.0,24.0,0.000227,0.0,0.0,0.0,0.0,22.944149,0.000227,0.432593,0.000227,43212.0,samba-enum
1.0,0.0,0.0,0.0,0.0,127.0,6.0,261888.0,841.0,1001.0,84.0,6.0,0.0,24.0,0.083503,0.0,0.0,0.0,0.0,23.027652,0.083503,0.516096,0.083503,445.0,samba-enum
1.0,0.0,0.0,0.0,0.0,64.0,6.0,64128.0,1085.0,841.0,136.0,6.0,0.0,24.0,0.00026,0.0,0.0,0.0,0.0,23.027912,0.00026,0.516356,0.00026,43212.0,samba-enum
1.0,0.0,0.0,0.0,0.0,127.0,6.0,261632.0,977.0,1085.0,76.0,6.0,0.0,24.0,0.078842,0.0,0.0,0.0,0.0,23.106754,0.078842,0.595198,0.078842,445.0,samba-enum
1.0,0.0,0.0,0.0,0.0,64.0,6.0,64128.0,1161.0,977.0,72.0,6.0,0.0,24.0,0.000204,0.0,0.0,0.0,0.0,23.106958,0.000204,0.595402,0.000204,43212.0,samba-enum
1.0,0.0,0.0,0.0,0.0,127.0,6.0,261632.0,1049.0,1161.0,72.0,6.0,0.0,24.0,0.091887,0.0,0.0,0.0,0.0,23.198845,0.091887,0.687289,0.091887,445.0,samba-enum
1.0,0.0,0.0,0.0,0.0,64.0,6.0,64128.0,1233.0,1049.0,0.0,6.0,0.0,17.0,0.000205,0.0,0.0,0.0,0.0,23.19905,0.000205,0.687494,0.000205,43212.0,samba-enum
1.0,0.0,0.0,0.0,0.0,64.0,6.0,64240.0,0.0,0.0,0.0,8.0,0.0,2.0,0.0,0.0,0.0,0.0,0.0,23.22635,0.0273,0.0,0.0,42658.0,samba-enum
1.0,0.0,0.0,0.0,0.0,64.0,6.0,64240.0,0.0,0.0,0.0,9.0,0.0,2.0,0.0,0.0,0.0,0.0,0.0,23.231543,0.005193,0.0,0.0,38378.0,samba-enum
1.0,0.0,0.0,0.0,0.0,127.0,6.0,261632.0,1050.0,1233.0,0.0,6.0,0.0,16.0,0.077671,0.0,0.0,0.0,0.0,23.276721,0.045178,0.765165,0.077671,445.0,samba-enum
1.0,0.0,0.0,0.0,0.0,127.0,6.0,0.0,1050.0,1233.0,0.0,6.0,0.0,20.0,0.0,0.0,0.0,0.0,0.0,23.278327,0.001606,0.766771,0.001606,445.0,samba-enum
1.0,0.0,0.0,0.0,0.0,127.0,6.0,65535.0,1.0,0.0,0.0,8.0,0.0,18.0,0.078039,0.0,0.0,0.0,0.0,23.304389,0.026062,0.078039,0.078039,445.0,samba-enum
1.0,0.0,0.0,0.0,0.0,64.0,6.0,64256.0,1.0,1.0,0.0,8.0,0.0,16.0,4e-05,0.0,0.0,0.0,0.0,23.304429,4e-05,0.078079,4e-05,42658.0,samba-enum
1.0,0.0,0.0,0.0,0.0,64.0,6.0,64256.0,1.0,1.0,88.0,8.0,0.0,24.0,0.0,0.0,0.0,0.0,0.0,23.30466,0.000231,0.07831,0.000231,42658.0,samba-enum
1.0,0.0,0.0,0.0,0.0,127.0,6.0,8192.0,1.0,0.0,0.0,9.0,0.0,18.0,0.077556,0.0,0.0,0.0,0.0,23.309099,0.004439,0.077556,0.077556,139.0,samba-enum
1.0,0.0,0.0,0.0,0.0,64.0,6.0,0.0,0.0,1.0,0.0,9.0,0.0,4.0,0.0,0.0,0.0,0.0,0.0,23.309116,1.7e-05,0.077573,1.7e-05,38378.0,samba-enum
1.0,0.0,0.0,0.0,0.0,127.0,6.0,262656.0,89.0,1.0,252.0,8.0,0.0,24.0,0.091852,0.0,0.0,0.0,0.0,23.396512,0.087396,0.170162,0.091852,445.0,samba-enum
1.0,0.0,0.0,0.0,0.0,64.0,6.0,64128.0,253.0,89.0,0.0,8.0,0.0,16.0,4.2e-05,0.0,0.0,0.0,0.0,23.396554,4.2e-05,0.170204,4.2e-05,42658.0,samba-enum
1.0,0.0,0.0,0.0,0.0,64.0,6.0,64128.0,253.0,89.0,236.0,8.0,0.0,24.0,0.0,0.0,0.0,0.0,0.0,23.396711,0.000157,0.170361,0.000157,42658.0,samba-enum
1.0,0.0,0.0,0.0,0.0,127.0,6.0,262400.0,325.0,253.0,312.0,8.0,0.0,24.0,0.087768,0.0,0.0,0.0,0.0,23.484479,0.087768,0.258129,0.087768,445.0,samba-enum
1.0,0.0,0.0,0.0,0.0,64.0,6.0,64128.0,565.0,325.0,166.0,8.0,0.0,24.0,0.002585,0.0,0.0,0.0,0.0,23.487064,0.002585,0.260714,0.002585,42658.0,samba-enum
1.0,0.0,0.0,0.0,0.0,127.0,6.0,262144.0,491.0,565.0,351.0,8.0,0.0,24.0,0.079242,0.0,0.0,0.0,0.0,23.566306,0.079242,0.339956,0.079242,445.0,samba-enum
1.0,0.0,0.0,0.0,0.0,64.0,6.0,64128.0,916.0,491.0,236.0,8.0,0.0,24.0,0.00026,0.0,0.0,0.0,0.0,23.566566,0.00026,0.340216,0.00026,42658.0,samba-enum
1.0,0.0,0.0,0.0,0.0,127.0,6.0,261888.0,727.0,916.0,85.0,8.0,0.0,24.0,0.080415,0.0,0.0,0.0,0.0,23.646981,0.080415,0.420631,0.080415,445.0,samba-enum
1.0,0.0,0.0,0.0,0.0,64.0,6.0,64128.0,1001.0,727.0,114.0,8.0,0.0,24.0,0.000239,0.0,0.0,0.0,0.0,23.64722,0.000239,0.42087,0.000239,42658.0,samba-enum
1.0,0.0,0.0,0.0,0.0,127.0,6.0,261888.0,841.0,1001.0,84.0,8.0,0.0,24.0,0.082472,0.0,0.0,0.0,0.0,23.729692,0.082472,0.503342,0.082472,445.0,samba-enum
1.0,0.0,0.0,0.0,0.0,64.0,6.0,64128.0,1085.0,841.0,136.0,8.0,0.0,24.0,0.000235,0.0,0.0,0.0,0.0,23.729927,0.000235,0.503577,0.000235,42658.0,samba-enum
1.0,0.0,0.0,0.0,0.0,127.0,6.0,261632.0,977.0,1085.0,76.0,8.0,0.0,24.0,0.08266,0.0,0.0,0.0,0.0,23.812587,0.08266,0.586237,0.08266,445.0,samba-enum
1.0,0.0,0.0,0.0,0.0,64.0,6.0,64128.0,1161.0,977.0,72.0,8.0,0.0,24.0,0.000216,0.0,0.0,0.0,0.0,23.812803,0.000216,0.586453,0.000216,42658.0,samba-enum
1.0,0.0,0.0,0.0,0.0,127.0,6.0,261632.0,1049.0,1161.0,72.0,8.0,0.0,24.0,0.092735,0.0,0.0,0.0,0.0,23.905538,0.092735,0.679188,0.092735,445.0,samba-enum
1.0,0.0,0.0,0.0,0.0,64.0,6.0,64128.0,1233.0,1049.0,0.0,8.0,0.0,17.0,0.000206,0.0,0.0,0.0,0.0,23.905744,0.000206,0.679394,0.000206,42658.0,samba-enum
1.0,0.0,0.0,0.0,0.0,64.0,6.0,64240.0,0.0,0.0,0.0,10.0,0.0,2.0,0.0,0.0,0.0,0.0,0.0,23.905903,0.000159,0.0,0.0,38380.0,samba-enum
1.0,0.0,0.0,0.0,0.0,127.0,6.0,261632.0,1050.0,1233.0,0.0,8.0,0.0,16.0,0.077685,0.0,0.0,0.0,0.0,23.983429,0.077526,0.757079,0.077685,445.0,samba-enum
1.0,0.0,0.0,0.0,0.0,127.0,6.0,8192.0,1.0,0.0,0.0,10.0,0.0,18.0,0.07778,0.0,0.0,0.0,0.0,23.983683,0.000254,0.07778,0.07778,139.0,samba-enum
1.0,0.0,0.0,0.0,0.0,64.0,6.0,64256.0,1.0,1.0,0.0,10.0,0.0,16.0,3.6e-05,0.0,0.0,0.0,0.0,23.983719,3.6e-05,0.077816,3.6e-05,38380.0,samba-enum
1.0,0.0,0.0,0.0,0.0,64.0,6.0,64256.0,1.0,1.0,72.0,10.0,0.0,24.0,0.0,0.0,0.0,0.0,0.0,23.983814,9.5e-05,0.077911,9.5e-05,38380.0,samba-enum
1.0,0.0,0.0,0.0,0.0,127.0,6.0,0.0,1050.0,1233.0,0.0,8.0,0.0,20.0,0.0,0.0,0.0,0.0,0.0,23.98415,0.000336,0.7578,0.000721,445.0,samba-enum
1.0,0.0,0.0,0.0,0.0,127.0,6.0,262400.0,73.0,1.0,5.0,10.0,0.0,25.0,0.077633,0.0,0.0,0.0,0.0,24.061447,0.077297,0.155544,0.077633,139.0,samba-enum
1.0,0.0,0.0,0.0,0.0,64.0,6.0,64256.0,7.0,73.0,0.0,10.0,0.0,17.0,8.7e-05,0.0,0.0,0.0,0.0,24.061534,8.7e-05,0.155631,8.7e-05,38380.0,samba-enum
1.0,0.0,0.0,0.0,0.0,64.0,6.0,64240.0,0.0,0.0,0.0,11.0,0.0,2.0,0.0,0.0,0.0,0.0,0.0,24.061602,6.8e-05,0.0,0.0,38388.0,samba-enum
1.0,0.0,0.0,0.0,0.0,127.0,6.0,262400.0,74.0,7.0,0.0,10.0,0.0,16.0,0.077444,0.0,0.0,0.0,0.0,24.138978,0.077376,0.233075,0.077444,139.0,samba-enum
1.0,0.0,0.0,0.0,0.0,127.0,6.0,8192.0,1.0,0.0,0.0,11.0,0.0,18.0,0.077417,0.0,0.0,0.0,0.0,24.139019,4.1e-05,0.077417,0.077417,139.0,samba-enum
1.0,0.0,0.0,0.0,0.0,64.0,6.0,64256.0,1.0,1.0,0.0,11.0,0.0,16.0,1.9e-05,0.0,0.0,0.0,0.0,24.139038,1.9e-05,0.077436,1.9e-05,38388.0,samba-enum
1.0,0.0,0.0,0.0,0.0,64.0,6.0,64256.0,1.0,1.0,72.0,11.0,0.0,24.0,0.0,0.0,0.0,0.0,0.0,24.139103,6.5e-05,0.077501,6.5e-05,38388.0,samba-enum
1.0,0.0,0.0,0.0,0.0,127.0,6.0,262400.0,73.0,1.0,5.0,11.0,0.0,25.0,0.085319,0.0,0.0,0.0,0.0,24.224422,0.085319,0.16282,0.085319,139.0,samba-enum
1.0,0.0,0.0,0.0,0.0,64.0,6.0,64256.0,7.0,73.0,0.0,11.0,0.0,17.0,0.000112,0.0,0.0,0.0,0.0,24.224534,0.000112,0.162932,0.000112,38388.0,samba-enum
1.0,0.0,0.0,0.0,0.0,127.0,6.0,262400.0,74.0,7.0,0.0,11.0,0.0,16.0,0.078219,0.0,0.0,0.0,0.0,24.302753,0.078219,0.241151,0.078219,139.0,samba-enum
1.0,0.0,0.0,0.0,0.0,64.0,6.0,64240.0,0.0,0.0,0.0,12.0,0.0,2.0,0.0,0.0,0.0,0.0,0.0,24.397364,0.094611,0.0,0.0,38404.0,samba-enum
1.0,0.0,0.0,0.0,0.0,127.0,6.0,8192.0,1.0,0.0,0.0,12.0,0.0,18.0,0.07966,0.0,0.0,0.0,0.0,24.477024,0.07966,0.07966,0.07966,139.0,samba-enum
1.0,0.0,0.0,0.0,0.0,64.0,6.0,64256.0,1.0,1.0,0.0,12.0,0.0,16.0,3.8e-05,0.0,0.0,0.0,0.0,24.477062,3.8e-05,0.079698,3.8e-05,38404.0,samba-enum
1.0,0.0,0.0,0.0,0.0,64.0,6.0,64256.0,1.0,1.0,72.0,12.0,0.0,24.0,0.0,0.0,0.0,0.0,0.0,24.477377,0.000315,0.080013,0.000315,38404.0,samba-enum
1.0,0.0,0.0,0.0,0.0,127.0,6.0,262400.0,73.0,1.0,5.0,12.0,0.0,25.0,0.077525,0.0,0.0,0.0,0.0,24.554902,0.077525,0.157538,0.077525,139.0,samba-enum
1.0,0.0,0.0,0.0,0.0,64.0,6.0,64240.0,0.0,0.0,0.0,13.0,0.0,2.0,0.0,0.0,0.0,0.0,0.0,24.555321,0.000419,0.0,0.0,42668.0,samba-enum
1.0,0.0,0.0,0.0,0.0,64.0,6.0,64256.0,7.0,73.0,0.0,12.0,0.0,16.0,0.044526,0.0,0.0,0.0,0.0,24.599428,0.044107,0.202064,0.044526,38404.0,samba-enum
1.0,0.0,0.0,0.0,0.0,127.0,6.0,65535.0,1.0,0.0,0.0,13.0,0.0,18.0,0.082548,0.0,0.0,0.0,0.0,24.637869,0.038441,0.082548,0.082548,445.0,samba-enum
1.0,0.0,0.0,0.0,0.0,64.0,6.0,64256.0,1.0,1.0,0.0,13.0,0.0,16.0,2.4e-05,0.0,0.0,0.0,0.0,24.637893,2.4e-05,0.082572,2.4e-05,42668.0,samba-enum
1.0,0.0,0.0,0.0,0.0,64.0,6.0,64256.0,1.0,1.0,73.0,13.0,0.0,24.0,0.0,0.0,0.0,0.0,0.0,24.638198,0.000305,0.082877,0.000305,42668.0,samba-enum
1.0,0.0,0.0,0.0,0.0,127.0,6.0,262656.0,74.0,1.0,252.0,13.0,0.0,24.0,0.078415,0.0,0.0,0.0,0.0,24.716613,0.078415,0.161292,0.078415,445.0,samba-enum
1.0,0.0,0.0,0.0,0.0,64.0,6.0,64128.0,253.0,74.0,0.0,13.0,0.0,16.0,3.6e-05,0.0,0.0,0.0,0.0,24.716649,3.6e-05,0.161328,3.6e-05,42668.0,samba-enum
1.0,0.0,0.0,0.0,0.0,64.0,6.0,64256.0,7.0,73.0,0.0,12.0,0.0,17.0,0.0,0.0,0.0,0.0,0.0,24.718551,0.001902,0.321187,0.119123,38404.0,samba-enum
1.0,0.0,0.0,0.0,0.0,64.0,6.0,64128.0,253.0,74.0,110.0,13.0,0.0,24.0,0.0,0.0,0.0,0.0,0.0,24.722184,0.003633,0.166863,0.005535,42668.0,samba-enum
1.0,0.0,0.0,0.0,0.0,127.0,6.0,262400.0,74.0,7.0,0.0,12.0,0.0,16.0,0.079322,0.0,0.0,0.0,0.0,24.797873,0.075689,0.400509,0.079322,139.0,samba-enum
1.0,0.0,0.0,0.0,0.0,127.0,6.0,262400.0,184.0,253.0,252.0,13.0,0.0,24.0,0.078142,0.0,0.0,0.0,0.0,24.800326,0.002453,0.245005,0.078142,445.0,samba-enum
1.0,0.0,0.0,0.0,0.0,64.0,6.0,64128.0,505.0,184.0,158.0,13.0,0.0,24.0,0.002867,0.0,0.0,0.0,0.0,24.803193,0.002867,0.247872,0.002867,42668.0,samba-enum
1.0,0.0,0.0,0.0,0.0,127.0,6.0,262400.0,342.0,505.0,351.0,13.0,0.0,24.0,0.078027,0.0,0.0,0.0,0.0,24.88122,0.078027,0.325899,0.078027,445.0,samba-enum
1.0,0.0,0.0,0.0,0.0,64.0,6.0,64128.0,856.0,342.0,181.0,13.0,0.0,24.0,0.0028,0.0,0.0,0.0,0.0,24.88402,0.0028,0.328699,0.0028,42668.0,samba-enum
1.0,0.0,0.0,0.0,0.0,127.0,6.0,262144.0,523.0,856.0,85.0,13.0,0.0,24.0,0.079014,0.0,0.0,0.0,0.0,24.963034,0.079014,0.407713,0.079014,445.0,samba-enum
1.0,0.0,0.0,0.0,0.0,64.0,6.0,64128.0,941.0,523.0,114.0,13.0,0.0,24.0,0.002409,0.0,0.0,0.0,0.0,24.965443,0.002409,0.410122,0.002409,42668.0,samba-enum
1.0,0.0,0.0,0.0,0.0,127.0,6.0,261888.0,637.0,941.0,84.0,13.0,0.0,24.0,0.07792,0.0,0.0,0.0,0.0,25.043363,0.07792,0.488042,0.07792,445.0,samba-enum
1.0,0.0,0.0,0.0,0.0,64.0,6.0,64128.0,1025.0,637.0,132.0,13.0,0.0,24.0,0.001896,0.0,0.0,0.0,0.0,25.045259,0.001896,0.489938,0.001896,42668.0,samba-enum
1.0,0.0,0.0,0.0,0.0,127.0,6.0,261888.0,769.0,1025.0,156.0,13.0,0.0,24.0,0.083141,0.0,0.0,0.0,0.0,25.1284,0.083141,0.573079,0.083141,445.0,samba-enum
1.0,0.0,0.0,0.0,0.0,64.0,6.0,64128.0,1181.0,769.0,188.0,13.0,0.0,24.0,0.003023,0.0,0.0,0.0,0.0,25.131423,0.003023,0.576102,0.003023,42668.0,samba-enum
1.0,0.0,0.0,0.0,0.0,127.0,6.0,261632.0,957.0,1181.0,84.0,13.0,0.0,24.0,0.086344,0.0,0.0,0.0,0.0,25.217767,0.086344,0.662446,0.086344,445.0,samba-enum
1.0,0.0,0.0,0.0,0.0,64.0,6.0,64128.0,1265.0,957.0,117.0,13.0,0.0,24.0,0.002235,0.0,0.0,0.0,0.0,25.220002,0.002235,0.664681,0.002235,42668.0,samba-enum
1.0,0.0,0.0,0.0,0.0,127.0,6.0,261632.0,1074.0,1265.0,152.0,13.0,0.0,24.0,0.078335,0.0,0.0,0.0,0.0,25.298337,0.078335,0.743016,0.078335,445.0,samba-enum
1.0,0.0,0.0,0.0,0.0,64.0,6.0,64128.0,1417.0,1074.0,164.0,13.0,0.0,24.0,0.004728,0.0,0.0,0.0,0.0,25.303065,0.004728,0.747744,0.004728,42668.0,samba-enum
1.0,0.0,0.0,0.0,0.0,127.0,6.0,261376.0,1238.0,1417.0,84.0,13.0,0.0,24.0,0.078581,0.0,0.0,0.0,0.0,25.381646,0.078581,0.826325,0.078581,445.0,samba-enum
1.0,0.0,0.0,0.0,0.0,64.0,6.0,64128.0,1501.0,1238.0,117.0,13.0,0.0,24.0,0.001908,0.0,0.0,0.0,0.0,25.383554,0.001908,0.828233,0.001908,42668.0,samba-enum
1.0,0.0,0.0,0.0,0.0,127.0,6.0,262656.0,1355.0,1501.0,132.0,13.0,0.0,24.0,0.080457,0.0,0.0,0.0,0.0,25.464011,0.080457,0.90869,0.080457,445.0,samba-enum
1.0,0.0,0.0,0.0,0.0,64.0,6.0,64128.0,1633.0,1355.0,0.0,13.0,0.0,17.0,0.013116,0.0,0.0,0.0,0.0,25.477127,0.013116,0.921806,0.013116,42668.0,samba-enum
1.0,0.0,0.0,0.0,0.0,64.0,6.0,64240.0,0.0,0.0,0.0,14.0,0.0,2.0,0.0,0.0,0.0,0.0,0.0,25.535881,0.058754,0.0,0.0,42672.0,samba-enum
1.0,0.0,0.0,0.0,0.0,64.0,6.0,64240.0,0.0,0.0,0.0,15.0,0.0,2.0,0.0,0.0,0.0,0.0,0.0,25.541057,0.005176,0.0,0.0,38410.0,samba-enum
1.0,0.0,0.0,0.0,0.0,127.0,6.0,262656.0,1356.0,1633.0,0.0,13.0,0.0,16.0,0.077653,0.0,0.0,0.0,0.0,25.55478,0.013723,0.999459,0.077653,445.0,samba-enum
1.0,0.0,0.0,0.0,0.0,127.0,6.0,0.0,1356.0,1633.0,0.0,13.0,0.0,20.0,0.0,0.0,0.0,0.0,0.0,25.555961,0.001181,1.00064,0.001181,445.0,samba-enum
1.0,0.0,0.0,0.0,0.0,127.0,6.0,65535.0,1.0,0.0,0.0,14.0,0.0,18.0,0.083951,0.0,0.0,0.0,0.0,25.619832,0.063871,0.083951,0.083951,445.0,samba-enum
1.0,0.0,0.0,0.0,0.0,64.0,6.0,64256.0,1.0,1.0,0.0,14.0,0.0,16.0,3.7e-05,0.0,0.0,0.0,0.0,25.619869,3.7e-05,0.083988,3.7e-05,42672.0,samba-enum
1.0,0.0,0.0,0.0,0.0,127.0,6.0,8192.0,1.0,0.0,0.0,15.0,0.0,18.0,0.078842,0.0,0.0,0.0,0.0,25.619899,3e-05,0.078842,0.078842,139.0,samba-enum
1.0,0.0,0.0,0.0,0.0,64.0,6.0,64256.0,1.0,1.0,0.0,15.0,0.0,16.0,1.2e-05,0.0,0.0,0.0,0.0,25.619911,1.2e-05,0.078854,1.2e-05,38410.0,samba-enum
1.0,0.0,0.0,0.0,0.0,64.0,6.0,64256.0,1.0,1.0,0.0,15.0,0.0,17.0,0.0,0.0,0.0,0.0,0.0,25.619945,3.4e-05,0.078888,3.4e-05,38410.0,samba-enum
1.0,0.0,0.0,0.0,0.0,64.0,6.0,64256.0,1.0,1.0,88.0,14.0,0.0,24.0,0.0,0.0,0.0,0.0,0.0,25.620082,0.000137,0.084201,0.000213,42672.0,samba-enum
1.0,0.0,0.0,0.0,0.0,127.0,6.0,262400.0,2.0,1.0,0.0,15.0,0.0,17.0,0.08447,0.0,0.0,0.0,0.0,25.704415,0.084333,0.163358,0.08447,139.0,samba-enum
1.0,0.0,0.0,0.0,0.0,64.0,6.0,64256.0,2.0,2.0,0.0,15.0,0.0,16.0,3.1e-05,0.0,0.0,0.0,0.0,25.704446,3.1e-05,0.163389,3.1e-05,38410.0,samba-enum
1.0,0.0,0.0,0.0,0.0,127.0,6.0,262656.0,89.0,1.0,252.0,14.0,0.0,24.0,0.085452,0.0,0.0,0.0,0.0,25.705534,0.001088,0.169653,0.085452,445.0,samba-enum
1.0,0.0,0.0,0.0,0.0,64.0,6.0,64128.0,253.0,89.0,0.0,14.0,0.0,16.0,2.4e-05,0.0,0.0,0.0,0.0,25.705558,2.4e-05,0.169677,2.4e-05,42672.0,samba-enum
1.0,0.0,0.0,0.0,0.0,64.0,6.0,64128.0,253.0,89.0,236.0,14.0,0.0,24.0,0.0,0.0,0.0,0.0,0.0,25.705719,0.000161,0.169838,0.000161,42672.0,samba-enum
1.0,0.0,0.0,0.0,0.0,127.0,6.0,262400.0,325.0,253.0,312.0,14.0,0.0,24.0,0.07807,0.0,0.0,0.0,0.0,25.783789,0.07807,0.247908,0.07807,445.0,samba-enum
1.0,0.0,0.0,0.0,0.0,64.0,6.0,64128.0,565.0,325.0,166.0,14.0,0.0,24.0,0.003347,0.0,0.0,0.0,0.0,25.787136,0.003347,0.251255,0.003347,42672.0,samba-enum
1.0,0.0,0.0,0.0,0.0,127.0,6.0,262144.0,491.0,565.0,351.0,14.0,0.0,24.0,0.103956,0.0,0.0,0.0,0.0,25.891092,0.103956,0.355211,0.103956,445.0,samba-enum
1.0,0.0,0.0,0.0,0.0,64.0,6.0,64128.0,916.0,491.0,236.0,14.0,0.0,24.0,0.000344,0.0,0.0,0.0,0.0,25.891436,0.000344,0.355555,0.000344,42672.0,samba-enum
1.0,0.0,0.0,0.0,0.0,127.0,6.0,261888.0,727.0,916.0,85.0,14.0,0.0,24.0,0.124641,0.0,0.0,0.0,0.0,26.016077,0.124641,0.480196,0.124641,445.0,samba-enum
1.0,0.0,0.0,0.0,0.0,64.0,6.0,64128.0,1001.0,727.0,114.0,14.0,0.0,24.0,0.000241,0.0,0.0,0.0,0.0,26.016318,0.000241,0.480437,0.000241,42672.0,samba-enum
1.0,0.0,0.0,0.0,0.0,127.0,6.0,261888.0,841.0,1001.0,84.0,14.0,0.0,24.0,0.084906,0.0,0.0,0.0,0.0,26.101224,0.084906,0.565343,0.084906,445.0,samba-enum
1.0,0.0,0.0,0.0,0.0,64.0,6.0,64128.0,1085.0,841.0,132.0,14.0,0.0,24.0,0.000267,0.0,0.0,0.0,0.0,26.101491,0.000267,0.56561,0.000267,42672.0,samba-enum
1.0,0.0,0.0,0.0,0.0,127.0,6.0,261632.0,973.0,1085.0,156.0,14.0,0.0,24.0,0.083931,0.0,0.0,0.0,0.0,26.185422,0.083931,0.649541,0.083931,445.0,samba-enum
1.0,0.0,0.0,0.0,0.0,64.0,6.0,64128.0,1241.0,973.0,196.0,14.0,0.0,24.0,0.000506,0.0,0.0,0.0,0.0,26.185928,0.000506,0.650047,0.000506,42672.0,samba-enum
1.0,0.0,0.0,0.0,0.0,127.0,6.0,261376.0,1169.0,1241.0,184.0,14.0,0.0,24.0,0.077926,0.0,0.0,0.0,0.0,26.263854,0.077926,0.727973,0.077926,445.0,samba-enum
1.0,0.0,0.0,0.0,0.0,64.0,6.0,64128.0,1425.0,1169.0,160.0,14.0,0.0,24.0,0.000393,0.0,0.0,0.0,0.0,26.264247,0.000393,0.728366,0.000393,42672.0,samba-enum
1.0,0.0,0.0,0.0,0.0,127.0,6.0,262656.0,1329.0,1425.0,152.0,14.0,0.0,24.0,0.079244,0.0,0.0,0.0,0.0,26.343491,0.079244,0.80761,0.079244,445.0,samba-enum
1.0,0.0,0.0,0.0,0.0,64.0,6.0,64128.0,1577.0,1329.0,92.0,14.0,0.0,24.0,0.000376,0.0,0.0,0.0,0.0,26.343867,0.000376,0.807986,0.000376,42672.0,samba-enum
1.0,0.0,0.0,0.0,0.0,127.0,6.0,262656.0,1421.0,1577.0,128.0,14.0,0.0,24.0,0.085986,0.0,0.0,0.0,0.0,26.429853,0.085986,0.893972,0.085986,445.0,samba-enum
1.0,0.0,0.0,0.0,0.0,64.0,6.0,64128.0,1705.0,1421.0,72.0,14.0,0.0,24.0,0.0002,0.0,0.0,0.0,0.0,26.430053,0.0002,0.894172,0.0002,42672.0,samba-enum
1.0,0.0,0.0,0.0,0.0,127.0,6.0,262400.0,1493.0,1705.0,72.0,14.0,0.0,24.0,0.084116,0.0,0.0,0.0,0.0,26.514169,0.084116,0.978288,0.084116,445.0,samba-enum
1.0,0.0,0.0,0.0,0.0,64.0,6.0,64128.0,1777.0,1493.0,0.0,14.0,0.0,17.0,0.000205,0.0,0.0,0.0,0.0,26.514374,0.000205,0.978493,0.000205,42672.0,samba-enum
1.0,0.0,0.0,0.0,0.0,64.0,6.0,64240.0,0.0,0.0,0.0,16.0,0.0,2.0,0.0,0.0,0.0,0.0,0.0,26.545041,0.030667,0.0,0.0,42676.0,samba-enum
1.0,0.0,0.0,0.0,0.0,127.0,6.0,262400.0,1494.0,1777.0,0.0,14.0,0.0,16.0,0.083728,0.0,0.0,0.0,0.0,26.598102,0.047882,1.062221,0.083728,445.0,samba-enum
1.0,0.0,0.0,0.0,0.0,127.0,6.0,0.0,1494.0,1777.0,0.0,14.0,0.0,20.0,0.0,0.0,0.0,0.0,0.0,26.598932,0.00083,1.063051,0.00083,445.0,samba-enum
1.0,0.0,0.0,0.0,0.0,127.0,6.0,65535.0,1.0,0.0,0.0,16.0,0.0,18.0,0.089314,0.0,0.0,0.0,0.0,26.634355,0.035423,0.089314,0.089314,445.0,samba-enum
1.0,0.0,0.0,0.0,0.0,64.0,6.0,64256.0,1.0,1.0,0.0,16.0,0.0,16.0,3.7e-05,0.0,0.0,0.0,0.0,26.634392,3.7e-05,0.089351,3.7e-05,42676.0,samba-enum
1.0,0.0,0.0,0.0,0.0,127.0,6.0,8192.0,1.0,0.0,0.0,17.0,0.0,18.0,0.084204,0.0,0.0,0.0,0.0,26.634424,3.2e-05,0.084204,0.084204,139.0,samba-enum
1.0,0.0,0.0,0.0,0.0,64.0,6.0,64256.0,1.0,1.0,88.0,16.0,0.0,24.0,0.0,0.0,0.0,0.0,0.0,26.634742,0.000144,0.089701,0.00035,42676.0,samba-enum
1.0,0.0,0.0,0.0,0.0,127.0,6.0,262400.0,2.0,1.0,0.0,17.0,0.0,17.0,0.078001,0.0,0.0,0.0,0.0,26.712599,0.077857,0.162379,0.078001,139.0,samba-enum
1.0,0.0,0.0,0.0,0.0,127.0,6.0,262656.0,89.0,1.0,0.0,16.0,0.0,16.0,0.14788,0.0,0.0,0.0,0.0,26.782622,0.069992,0.237581,0.14788,445.0,samba-enum
1.0,0.0,0.0,0.0,0.0,127.0,6.0,262656.0,89.0,1.0,252.0,16.0,0.0,24.0,0.0,0.0,0.0,0.0,0.0,26.782671,4.9e-05,0.23763,4.9e-05,445.0,samba-enum
1.0,0.0,0.0,0.0,0.0,64.0,6.0,64128.0,253.0,89.0,0.0,16.0,0.0,16.0,3.2e-05,0.0,0.0,0.0,0.0,26.782703,3.2e-05,0.237662,3.2e-05,42676.0,samba-enum
1.0,0.0,0.0,0.0,0.0,64.0,6.0,64128.0,253.0,89.0,236.0,16.0,0.0,24.0,0.0,0.0,0.0,0.0,0.0,26.782908,0.000205,0.237867,0.000205,42676.0,samba-enum
1.0,0.0,0.0,0.0,0.0,127.0,6.0,262400.0,325.0,253.0,312.0,16.0,0.0,24.0,0.078414,0.0,0.0,0.0,0.0,26.861322,0.078414,0.316281,0.078414,445.0,samba-enum
1.0,0.0,0.0,0.0,0.0,64.0,6.0,64128.0,565.0,325.0,166.0,16.0,0.0,24.0,0.002407,0.0,0.0,0.0,0.0,26.863729,0.002407,0.318688,0.002407,42676.0,samba-enum
1.0,0.0,0.0,0.0,0.0,127.0,6.0,262144.0,491.0,565.0,351.0,16.0,0.0,24.0,0.078185,0.0,0.0,0.0,0.0,26.941914,0.078185,0.396873,0.078185,445.0,samba-enum
1.0,0.0,0.0,0.0,0.0,64.0,6.0,64128.0,916.0,491.0,236.0,16.0,0.0,24.0,0.000271,0.0,0.0,0.0,0.0,26.942185,0.000271,0.397144,0.000271,42676.0,samba-enum
1.0,0.0,0.0,0.0,0.0,127.0,6.0,261888.0,727.0,916.0,85.0,16.0,0.0,24.0,0.086167,0.0,0.0,0.0,0.0,27.028352,0.086167,0.483311,0.086167,445.0,samba-enum
1.0,0.0,0.0,0.0,0.0,64.0,6.0,64128.0,1001.0,727.0,114.0,16.0,0.0,24.0,0.000184,0.0,0.0,0.0,0.0,27.028536,0.000184,0.483495,0.000184,42676.0,samba-enum
1.0,0.0,0.0,0.0,0.0,127.0,6.0,261888.0,841.0,1001.0,84.0,16.0,0.0,24.0,0.087039,0.0,0.0,0.0,0.0,27.115575,0.087039,0.570534,0.087039,445.0,samba-enum
1.0,0.0,0.0,0.0,0.0,64.0,6.0,64128.0,1085.0,841.0,132.0,16.0,0.0,24.0,0.000322,0.0,0.0,0.0,0.0,27.115897,0.000322,0.570856,0.000322,42676.0,samba-enum
1.0,0.0,0.0,0.0,0.0,127.0,6.0,261632.0,973.0,1085.0,156.0,16.0,0.0,24.0,0.091605,0.0,0.0,0.0,0.0,27.207502,0.091605,0.662461,0.091605,445.0,samba-enum
1.0,0.0,0.0,0.0,0.0,64.0,6.0,64128.0,1241.0,973.0,196.0,16.0,0.0,24.0,0.000513,0.0,0.0,0.0,0.0,27.208015,0.000513,0.662974,0.000513,42676.0,samba-enum
1.0,0.0,0.0,0.0,0.0,127.0,6.0,261376.0,1169.0,1241.0,184.0,16.0,0.0,24.0,0.086956,0.0,0.0,0.0,0.0,27.294971,0.086956,0.74993,0.086956,445.0,samba-enum
1.0,0.0,0.0,0.0,0.0,64.0,6.0,64128.0,1425.0,1169.0,216.0,16.0,0.0,24.0,0.000352,0.0,0.0,0.0,0.0,27.295323,0.000352,0.750282,0.000352,42676.0,samba-enum
1.0,0.0,0.0,0.0,0.0,127.0,6.0,262656.0,1385.0,1425.0,180.0,16.0,0.0,24.0,0.088964,0.0,0.0,0.0,0.0,27.384287,0.088964,0.839246,0.088964,445.0,samba-enum
1.0,0.0,0.0,0.0,0.0,64.0,6.0,64128.0,1605.0,1385.0,204.0,16.0,0.0,24.0,0.000234,0.0,0.0,0.0,0.0,27.384521,0.000234,0.83948,0.000234,42676.0,samba-enum
1.0,0.0,0.0,0.0,0.0,127.0,6.0,262400.0,1589.0,1605.0,164.0,16.0,0.0,24.0,0.078596,0.0,0.0,0.0,0.0,27.463117,0.078596,0.918076,0.078596,445.0,samba-enum
1.0,0.0,0.0,0.0,0.0,64.0,6.0,64128.0,1769.0,1589.0,200.0,16.0,0.0,24.0,0.000235,0.0,0.0,0.0,0.0,27.463352,0.000235,0.918311,0.000235,42676.0,samba-enum
1.0,0.0,0.0,0.0,0.0,127.0,6.0,262144.0,1789.0,1769.0,164.0,16.0,0.0,24.0,0.10733,0.0,0.0,0.0,0.0,27.570682,0.10733,1.025641,0.10733,445.0,samba-enum
1.0,0.0,0.0,0.0,0.0,64.0,6.0,64128.0,1933.0,1789.0,92.0,16.0,0.0,24.0,0.000298,0.0,0.0,0.0,0.0,27.57098,0.000298,1.025939,0.000298,42676.0,samba-enum
1.0,0.0,0.0,0.0,0.0,127.0,6.0,262144.0,1881.0,1933.0,128.0,16.0,0.0,24.0,0.106944,0.0,0.0,0.0,0.0,27.677924,0.106944,1.132883,0.106944,445.0,samba-enum
1.0,0.0,0.0,0.0,0.0,64.0,6.0,64128.0,2061.0,1881.0,72.0,16.0,0.0,24.0,0.000244,0.0,0.0,0.0,0.0,27.678168,0.000244,1.133127,0.000244,42676.0,samba-enum
1.0,0.0,0.0,0.0,0.0,127.0,6.0,262144.0,1953.0,2061.0,72.0,16.0,0.0,24.0,0.087152,0.0,0.0,0.0,0.0,27.76532,0.087152,1.220279,0.087152,445.0,samba-enum
1.0,0.0,0.0,0.0,0.0,64.0,6.0,64128.0,2133.0,1953.0,0.0,16.0,0.0,17.0,0.000202,0.0,0.0,0.0,0.0,27.765522,0.000202,1.220481,0.000202,42676.0,samba-enum
1.0,0.0,0.0,0.0,0.0,127.0,6.0,262144.0,1954.0,2133.0,0.0,16.0,0.0,16.0,0.083736,0.0,0.0,0.0,0.0,27.849258,0.04874,1.304217,0.083736,445.0,samba-enum
1.0,0.0,0.0,0.0,0.0,127.0,6.0,0.0,1954.0,2133.0,0.0,16.0,0.0,20.0,0.0,0.0,0.0,0.0,0.0,27.851427,0.002169,1.306386,0.002169,445.0,samba-enum
1.0,0.0,0.0,0.0,0.0,127.0,6.0,65535.0,1.0,0.0,0.0,18.0,0.0,18.0,0.077897,0.0,0.0,0.0,0.0,27.873223,0.021796,0.077897,0.077897,445.0,samba-enum
1.0,0.0,0.0,0.0,0.0,127.0,6.0,8192.0,1.0,0.0,0.0,19.0,0.0,18.0,0.077829,0.0,0.0,0.0,0.0,27.878347,0.004811,0.077829,0.077829,139.0,samba-enum
1.0,0.0,0.0,0.0,0.0,127.0,6.0,262656.0,89.0,1.0,252.0,18.0,0.0,24.0,0.085492,0.0,0.0,0.0,0.0,27.959028,0.080637,0.163702,0.085492,445.0,samba-enum
1.0,0.0,0.0,0.0,0.0,127.0,6.0,262400.0,325.0,253.0,312.0,18.0,0.0,24.0,0.082797,0.0,0.0,0.0,0.0,28.042081,0.082797,0.246755,0.082797,445.0,samba-enum
1.0,0.0,0.0,0.0,0.0,127.0,6.0,262144.0,491.0,565.0,351.0,18.0,0.0,24.0,0.081621,0.0,0.0,0.0,0.0,28.127025,0.081621,0.331699,0.081621,445.0,samba-enum
1.0,0.0,0.0,0.0,0.0,127.0,6.0,261888.0,727.0,916.0,85.0,18.0,0.0,24.0,0.079287,0.0,0.0,0.0,0.0,28.206647,0.079287,0.411321,0.079287,445.0,samba-enum
1.0,0.0,0.0,0.0,0.0,64.0,6.0,64128.0,1001.0,727.0,114.0,18.0,0.0,24.0,0.000237,0.0,0.0,0.0,0.0,28.206884,0.000237,0.411558,0.000237,42692.0,samba-enum
1.0,0.0,0.0,0.0,0.0,127.0,6.0,261888.0,841.0,1001.0,84.0,18.0,0.0,24.0,0.078327,0.0,0.0,0.0,0.0,28.285211,0.078327,0.489885,0.078327,445.0,samba-enum
1.0,0.0,0.0,0.0,0.0,64.0,6.0,64128.0,1085.0,841.0,132.0,18.0,0.0,24.0,0.000285,0.0,0.0,0.0,0.0,28.285496,0.000285,0.49017,0.000285,42692.0,samba-enum
1.0,0.0,0.0,0.0,0.0,127.0,6.0,261632.0,973.0,1085.0,156.0,18.0,0.0,24.0,0.078213,0.0,0.0,0.0,0.0,28.363709,0.078213,0.568383,0.078213,445.0,samba-enum
1.0,0.0,0.0,0.0,0.0,64.0,6.0,64128.0,1241.0,973.0,196.0,18.0,0.0,24.0,0.000815,0.0,0.0,0.0,0.0,28.364524,0.000815,0.569198,0.000815,42692.0,samba-enum
1.0,0.0,0.0,0.0,0.0,127.0,6.0,261376.0,1169.0,1241.0,184.0,18.0,0.0,24.0,0.091124,0.0,0.0,0.0,0.0,28.455648,0.091124,0.660322,0.091124,445.0,samba-enum
1.0,0.0,0.0,0.0,0.0,64.0,6.0,64128.0,1425.0,1169.0,216.0,18.0,0.0,24.0,0.000311,0.0,0.0,0.0,0.0,28.455959,0.000311,0.660633,0.000311,42692.0,samba-enum
1.0,0.0,0.0,0.0,0.0,127.0,6.0,262656.0,1385.0,1425.0,180.0,18.0,0.0,24.0,0.078539,0.0,0.0,0.0,0.0,28.534498,0.078539,0.739172,0.078539,445.0,samba-enum
1.0,0.0,0.0,0.0,0.0,64.0,6.0,64128.0,1605.0,1385.0,204.0,18.0,0.0,24.0,0.000225,0.0,0.0,0.0,0.0,28.534723,0.000225,0.739397,0.000225,42692.0,samba-enum
1.0,0.0,0.0,0.0,0.0,127.0,6.0,262400.0,1589.0,1605.0,164.0,18.0,0.0,24.0,0.123465,0.0,0.0,0.0,0.0,28.658188,0.123465,0.862862,0.123465,445.0,samba-enum
1.0,0.0,0.0,0.0,0.0,64.0,6.0,64128.0,1769.0,1589.0,200.0,18.0,0.0,24.0,0.000254,0.0,0.0,0.0,0.0,28.658442,0.000254,0.863116,0.000254,42692.0,samba-enum
1.0,0.0,0.0,0.0,0.0,127.0,6.0,262144.0,1789.0,1769.0,164.0,18.0,0.0,24.0,0.078638,0.0,0.0,0.0,0.0,28.73708,0.078638,0.941754,0.078638,445.0,samba-enum
1.0,0.0,0.0,0.0,0.0,64.0,6.0,64128.0,1933.0,1789.0,92.0,18.0,0.0,24.0,0.000358,0.0,0.0,0.0,0.0,28.737438,0.000358,0.942112,0.000358,42692.0,samba-enum
1.0,0.0,0.0,0.0,0.0,127.0,6.0,262144.0,1881.0,1933.0,128.0,18.0,0.0,24.0,0.082288,0.0,0.0,0.0,0.0,28.819726,0.082288,1.0244,0.082288,445.0,samba-enum
1.0,0.0,0.0,0.0,0.0,64.0,6.0,64128.0,2061.0,1881.0,72.0,18.0,0.0,24.0,0.00017,0.0,0.0,0.0,0.0,28.819896,0.00017,1.02457,0.00017,42692.0,samba-enum
1.0,0.0,0.0,0.0,0.0,127.0,6.0,262144.0,1953.0,2061.0,72.0,18.0,0.0,24.0,0.114265,0.0,0.0,0.0,0.0,28.934161,0.114265,1.138835,0.114265,445.0,samba-enum
1.0,0.0,0.0,0.0,0.0,64.0,6.0,64128.0,2133.0,1953.0,0.0,18.0,0.0,17.0,0.000206,0.0,0.0,0.0,0.0,28.934367,0.000206,1.139041,0.000206,42692.0,samba-enum
1.0,0.0,0.0,0.0,0.0,127.0,6.0,262144.0,1954.0,2133.0,0.0,18.0,0.0,16.0,0.0854,0.0,0.0,0.0,0.0,29.019767,0.050348,1.224441,0.0854,445.0,samba-enum
1.0,0.0,0.0,0.0,0.0,127.0,6.0,0.0,1954.0,2133.0,0.0,18.0,0.0,20.0,0.0,0.0,0.0,0.0,0.0,29.021959,0.002192,1.226633,0.002192,445.0,samba-enum
1.0,0.0,0.0,0.0,0.0,127.0,6.0,65535.0,1.0,0.0,0.0,20.0,0.0,18.0,0.081818,0.0,0.0,0.0,0.0,29.046071,0.024112,0.081818,0.081818,445.0,samba-enum
1.0,0.0,0.0,0.0,0.0,127.0,6.0,8192.0,1.0,0.0,0.0,21.0,0.0,18.0,0.077348,0.0,0.0,0.0,0.0,29.046767,0.000364,0.077348,0.077348,139.0,samba-enum
1.0,0.0,0.0,0.0,0.0,127.0,6.0,262656.0,89.0,1.0,252.0,20.0,0.0,24.0,0.079131,0.0,0.0,0.0,0.0,29.125534,0.078754,0.161281,0.079131,445.0,samba-enum
1.0,0.0,0.0,0.0,0.0,127.0,6.0,262400.0,325.0,253.0,312.0,20.0,0.0,24.0,0.084902,0.0,0.0,0.0,0.0,29.210576,0.084902,0.246323,0.084902,445.0,samba-enum
1.0,0.0,0.0,0.0,0.0,64.0,6.0,64128.0,565.0,325.0,166.0,20.0,0.0,24.0,0.003054,0.0,0.0,0.0,0.0,29.21363,0.003054,0.249377,0.003054,42706.0,samba-enum
1.0,0.0,0.0,0.0,0.0,127.0,6.0,262144.0,491.0,565.0,351.0,20.0,0.0,24.0,0.079459,0.0,0.0,0.0,0.0,29.293089,0.079459,0.328836,0.079459,445.0,samba-enum
1.0,0.0,0.0,0.0,0.0,64.0,6.0,64128.0,916.0,491.0,236.0,20.0,0.0,24.0,0.000326,0.0,0.0,0.0,0.0,29.293415,0.000326,0.329162,0.000326,42706.0,samba-enum
1.0,0.0,0.0,0.0,0.0,127.0,6.0,261888.0,727.0,916.0,85.0,20.0,0.0,24.0,0.091421,0.0,0.0,0.0,0.0,29.384836,0.091421,0.420583,0.091421,445.0,samba-enum
1.0,0.0,0.0,0.0,0.0,64.0,6.0,64128.0,1001.0,727.0,114.0,20.0,0.0,24.0,0.000219,0.0,0.0,0.0,0.0,29.385055,0.000219,0.420802,0.000219,42706.0,samba-enum
1.0,0.0,0.0,0.0,0.0,127.0,6.0,261888.0,841.0,1001.0,84.0,20.0,0.0,24.0,0.07918,0.0,0.0,0.0,0.0,29.464235,0.07918,0.499982,0.07918,445.0,samba-enum
1.0,0.0,0.0,0.0,0.0,64.0,6.0,64128.0,1085.0,841.0,132.0,20.0,0.0,24.0,0.000241,0.0,0.0,0.0,0.0,29.464476,0.000241,0.500223,0.000241,42706.0,samba-enum
1.0,0.0,0.0,0.0,0.0,127.0,6.0,261632.0,973.0,1085.0,156.0,20.0,0.0,24.0,0.082772,0.0,0.0,0.0,0.0,29.547248,0.082772,0.582995,0.082772,445.0,samba-enum
1.0,0.0,0.0,0.0,0.0,64.0,6.0,64128.0,1241.0,973.0,196.0,20.0,0.0,24.0,0.000384,0.0,0.0,0.0,0.0,29.547632,0.000384,0.583379,0.000384,42706.0,samba-enum
1.0,0.0,0.0,0.0,0.0,127.0,6.0,261376.0,1169.0,1241.0,184.0,20.0,0.0,24.0,0.078078,0.0,0.0,0.0,0.0,29.62571,0.078078,0.661457,0.078078,445.0,samba-enum
1.0,0.0,0.0,0.0,0.0,64.0,6.0,64128.0,1425.0,1169.0,216.0,20.0,0.0,24.0,0.000216,0.0,0.0,0.0,0.0,29.625926,0.000216,0.661673,0.000216,42706.0,samba-enum
1.0,0.0,0.0,0.0,0.0,127.0,6.0,262656.0,1385.0,1425.0,180.0,20.0,0.0,24.0,0.086398,0.0,0.0,0.0,0.0,29.712324,0.086398,0.748071,0.086398,445.0,samba-enum
1.0,0.0,0.0,0.0,0.0,64.0,6.0,64128.0,1605.0,1385.0,204.0,20.0,0.0,24.0,0.000228,0.0,0.0,0.0,0.0,29.712552,0.000228,0.748299,0.000228,42706.0,samba-enum
1.0,0.0,0.0,0.0,0.0,127.0,6.0,262400.0,1589.0,1605.0,164.0,20.0,0.0,24.0,0.078323,0.0,0.0,0.0,0.0,29.790875,0.078323,0.826622,0.078323,445.0,samba-enum
1.0,0.0,0.0,0.0,0.0,64.0,6.0,64128.0,1769.0,1589.0,200.0,20.0,0.0,24.0,0.000241,0.0,0.0,0.0,0.0,29.791116,0.000241,0.826863,0.000241,42706.0,samba-enum
1.0,0.0,0.0,0.0,0.0,127.0,6.0,262144.0,1789.0,1769.0,164.0,20.0,0.0,24.0,0.186392,0.0,0.0,0.0,0.0,29.977508,0.186392,1.013255,0.186392,445.0,samba-enum
1.0,0.0,0.0,0.0,0.0,64.0,6.0,64128.0,1933.0,1789.0,92.0,20.0,0.0,24.0,0.000237,0.0,0.0,0.0,0.0,29.977745,0.000237,1.013492,0.000237,42706.0,samba-enum
1.0,0.0,0.0,0.0,0.0,127.0,6.0,262144.0,1881.0,1933.0,128.0,20.0,0.0,24.0,0.088823,0.0,0.0,0.0,0.0,30.066568,0.088823,1.102315,0.088823,445.0,samba-enum
1.0,0.0,0.0,0.0,0.0,64.0,6.0,64128.0,2061.0,1881.0,72.0,20.0,0.0,24.0,0.000192,0.0,0.0,0.0,0.0,30.06676,0.000192,1.102507,0.000192,42706.0,samba-enum
1.0,0.0,0.0,0.0,0.0,127.0,6.0,262144.0,1953.0,2061.0,72.0,20.0,0.0,24.0,0.085883,0.0,0.0,0.0,0.0,30.152643,0.085883,1.18839,0.085883,445.0,samba-enum
1.0,0.0,0.0,0.0,0.0,64.0,6.0,64128.0,2133.0,1953.0,0.0,20.0,0.0,17.0,0.000192,0.0,0.0,0.0,0.0,30.152835,0.000192,1.188582,0.000192,42706.0,samba-enum
1.0,0.0,0.0,0.0,0.0,64.0,6.0,64240.0,0.0,0.0,0.0,22.0,0.0,2.0,0.0,0.0,0.0,0.0,0.0,30.206484,0.053649,0.0,0.0,42718.0,samba-enum
1.0,0.0,0.0,0.0,0.0,127.0,6.0,262144.0,1954.0,2133.0,0.0,20.0,0.0,16.0,0.081392,0.0,0.0,0.0,0.0,30.234227,0.022329,1.269974,0.081392,445.0,samba-enum
1.0,0.0,0.0,0.0,0.0,127.0,6.0,0.0,1954.0,2133.0,0.0,20.0,0.0,20.0,0.0,0.0,0.0,0.0,0.0,30.235255,0.001028,1.271002,0.001028,445.0,samba-enum
1.0,0.0,0.0,0.0,0.0,127.0,6.0,65535.0,1.0,0.0,0.0,22.0,0.0,18.0,0.079969,0.0,0.0,0.0,0.0,30.286453,0.051198,0.079969,0.079969,445.0,samba-enum
1.0,0.0,0.0,0.0,0.0,64.0,6.0,64256.0,1.0,1.0,0.0,22.0,0.0,16.0,5.4e-05,0.0,0.0,0.0,0.0,30.286507,5.4e-05,0.080023,5.4e-05,42718.0,samba-enum
1.0,0.0,0.0,0.0,0.0,64.0,6.0,64256.0,1.0,1.0,88.0,22.0,0.0,24.0,0.0,0.0,0.0,0.0,0.0,30.286754,0.000247,0.08027,0.000247,42718.0,samba-enum
1.0,0.0,0.0,0.0,0.0,127.0,6.0,8192.0,1.0,0.0,0.0,23.0,0.0,18.0,0.077348,0.0,0.0,0.0,0.0,30.289246,0.002492,0.077348,0.077348,139.0,samba-enum
1.0,0.0,0.0,0.0,0.0,127.0,6.0,262656.0,89.0,1.0,252.0,22.0,0.0,24.0,0.085487,0.0,0.0,0.0,0.0,30.372241,0.082968,0.165757,0.085487,445.0,samba-enum
1.0,0.0,0.0,0.0,0.0,64.0,6.0,64128.0,253.0,89.0,0.0,22.0,0.0,16.0,4.2e-05,0.0,0.0,0.0,0.0,30.372283,4.2e-05,0.165799,4.2e-05,42718.0,samba-enum
1.0,0.0,0.0,0.0,0.0,64.0,6.0,64128.0,253.0,89.0,236.0,22.0,0.0,24.0,0.0,0.0,0.0,0.0,0.0,30.372451,0.000168,0.165967,0.000168,42718.0,samba-enum
1.0,0.0,0.0,0.0,0.0,127.0,6.0,262400.0,325.0,253.0,312.0,22.0,0.0,24.0,0.090952,0.0,0.0,0.0,0.0,30.463403,0.090952,0.256919,0.090952,445.0,samba-enum
1.0,0.0,0.0,0.0,0.0,64.0,6.0,64128.0,565.0,325.0,166.0,22.0,0.0,24.0,0.003014,0.0,0.0,0.0,0.0,30.466417,0.003014,0.259933,0.003014,42718.0,samba-enum
1.0,0.0,0.0,0.0,0.0,127.0,6.0,262144.0,491.0,565.0,351.0,22.0,0.0,24.0,0.096883,0.0,0.0,0.0,0.0,30.5633,0.096883,0.356816,0.096883,445.0,samba-enum
1.0,0.0,0.0,0.0,0.0,64.0,6.0,64128.0,916.0,491.0,236.0,22.0,0.0,24.0,0.000277,0.0,0.0,0.0,0.0,30.563577,0.000277,0.357093,0.000277,42718.0,samba-enum
1.0,0.0,0.0,0.0,0.0,127.0,6.0,261888.0,727.0,916.0,0.0,22.0,0.0,16.0,0.119884,0.0,0.0,0.0,0.0,30.683461,0.119884,0.476977,0.119884,445.0,samba-enum
1.0,0.0,0.0,0.0,0.0,127.0,6.0,261888.0,727.0,916.0,85.0,22.0,0.0,24.0,0.0,0.0,0.0,0.0,0.0,30.684357,0.000896,0.477873,0.000896,445.0,samba-enum
1.0,0.0,0.0,0.0,0.0,64.0,6.0,64128.0,1001.0,727.0,114.0,22.0,0.0,24.0,0.000215,0.0,0.0,0.0,0.0,30.684572,0.000215,0.478088,0.000215,42718.0,samba-enum
1.0,0.0,0.0,0.0,0.0,127.0,6.0,261888.0,841.0,1001.0,84.0,22.0,0.0,24.0,0.082773,0.0,0.0,0.0,0.0,30.767345,0.082773,0.560861,0.082773,445.0,samba-enum
1.0,0.0,0.0,0.0,0.0,64.0,6.0,64128.0,1085.0,841.0,140.0,22.0,0.0,24.0,0.000295,0.0,0.0,0.0,0.0,30.76764,0.000295,0.561156,0.000295,42718.0,samba-enum
1.0,0.0,0.0,0.0,0.0,127.0,6.0,261632.0,981.0,1085.0,76.0,22.0,0.0,24.0,0.156544,0.0,0.0,0.0,0.0,30.924184,0.156544,0.7177,0.156544,445.0,samba-enum
1.0,0.0,0.0,0.0,0.0,64.0,6.0,64128.0,1161.0,981.0,72.0,22.0,0.0,24.0,0.000128,0.0,0.0,0.0,0.0,30.924312,0.000128,0.717828,0.000128,42718.0,samba-enum
1.0,0.0,0.0,0.0,0.0,127.0,6.0,261632.0,1053.0,1161.0,72.0,22.0,0.0,24.0,0.103455,0.0,0.0,0.0,0.0,31.027767,0.103455,0.821283,0.103455,445.0,samba-enum
1.0,0.0,0.0,0.0,0.0,64.0,6.0,64128.0,1233.0,1053.0,0.0,22.0,0.0,17.0,0.000106,0.0,0.0,0.0,0.0,31.027873,0.000106,0.821389,0.000106,42718.0,samba-enum
1.0,0.0,0.0,0.0,0.0,127.0,6.0,261632.0,1054.0,1233.0,0.0,22.0,0.0,16.0,0.092871,0.0,0.0,0.0,0.0,31.120744,0.092871,0.91426,0.092871,445.0,samba-enum
1.0,0.0,0.0,0.0,0.0,127.0,6.0,0.0,1054.0,1233.0,0.0,22.0,0.0,20.0,0.0,0.0,0.0,0.0,0.0,31.121875,0.001131,0.915391,0.001131,445.0,samba-enum